title,source,date,datetime,desc,link
Bitcoin Has Crashed—Now What?,Forbes,"Feb 27, 2020",2020-02-27,Bitcoin and the wider cryptocurrency market crash comes as global stocks go into meltdown due to the coronavirus spreading around the world. U.S. stocks look to ...,https://www.forbes.com/sites/billybambrough/2020/02/27/bitcoin-has-crashed-now-what/
Over $190M in Bitcoin Liquidated on BitMEX Amid Crypto Market Sell-Off - CoinDesk,CoinDesk,"Feb 26, 2020",2020-02-26,Bitcoin liquidations on BitMEX. Source: Skew Analytics. The move in the derivatives market comes during a sell-off in crypto's spot market that saw ...,https://www.coindesk.com/over-190-million-bitcoin-liquidated-on-bitmex-amid-crypto-market-sell-off
Does China Control Bitcoin and Ethereum?,Finance Magnates,"Feb 28, 2020",2020-02-28,Does China Control Bitcoin and Ethereum? BTC's mining power is highly concentrated in China. Should crypto users be concerned? Rachel McIntosh | News ( ...,https://www.financemagnates.com/cryptocurrency/news/does-china-control-bitcoin-and-ethereum/
Legendary BitMEX Trader Eyes 200% Rally in Bitcoin: Can it Happen?,Ethereum World News,"Feb 18, 2020",2020-02-18,"If you've been on Crypto Twitter at all, ever, you likely know of AngeloBTC, a legendary Bitcoin trader and market commentator. The rather mysterious trader, ...",https://en.ethereumworldnews.com/legendary-bitmex-trader-200-percent-bitcoin-rally/
"Peter Schiff ‘Concedes’ Bitcoin Profitable, But Won’t Succeed as Money",Cointelegraph,"Feb 18, 2020",2020-02-18,"Peter Schiff 'Concedes' Bitcoin Profitable, But Won't Succeed as Money. Still not satisfied despite regaining access to his once lost coins, Peter Schiff now claims ...",https://cointelegraph.com/news/peter-schiff-concedes-bitcoin-profitable-but-wont-succeed-as-money
Golden Cross Gives Little Relief as Bitcoin Risks Fall Below 2020 Bullish Trendline - CoinDesk,CoinDesk,"Feb 18, 2020",2020-02-18,"Bitcoin is struggling to draw bids despite a confirmed ""golden cross"" pattern on the daily chart. That, coupled with bearish short duration indicators, suggests ...",https://www.coindesk.com/golden-cross-gives-little-relief-as-bitcoin-risks-fall-below-2020-bullish-trendline
Coronavirus Proves Bitcoin’s Value And Use Case For Good,Forbes,"Feb 6, 2020",2020-02-06,Bitcoin has a simple investment case. You either believe it's a thing or you don't. If you believe in Bitcoin it is easy to consider that such a new form of global ...,https://www.forbes.com/sites/investor/2020/02/06/coronavirus-proves-bitcoins-value-and-use-case-for-good/
"Bitcoin Price Has Set $8.2K Floor, $100K Coming Before 2022 — Analyst",Cointelegraph,"Feb 11, 2020",2020-02-11,BTC halving impact “can be lagged”. Stock-to-flow uses two indicators to chart Bitcoin's price trajectory: the number of Bitcoins already available versus the number ...,https://cointelegraph.com/news/bitcoin-price-has-set-82k-floor-100k-coming-before-2022-analyst
Bitcoin’s 2020 Rally More Sustainable Than 2019 Surge,Forbes,"Feb 20, 2020",2020-02-20,"This year's bitcoin rally also differs from 2019 in terms of excitement. “This time around, we are much closer to the halving, so there is hype in the crypto space ...",https://www.forbes.com/sites/benjaminpirus/2020/02/20/bitcoins-2020-rally-more-sustainable-than-2019-surge/
Bitcoin's Coronavirus Sell-off Throws Cold Water on Safe-Haven Argument - CoinDesk,CoinDesk,"Feb 24, 2020",2020-02-24,"Bitcoin (BTC) was down 4.6 percent as of 6:17 p.m. UTC (1:17 p.m. ET) to $9,517. But a decline of that magnitude represents merely the biggest drop since last ...",https://www.coindesk.com/bitcoins-coronavirus-selloff-throws-cold-water-on-safe-haven-argument
"Bitcoin may set a new all-time high in 2020, Michael Novogratz says",CNBC,"Feb 14, 2020",2020-02-14,"Bitcoin's liquidity-driven rally is likely to continue throughout 2020, Michael Novogratz told CNBC on Friday. The cryptocurrency investor said large amounts of ...",https://www.cnbc.com/2020/02/14/michael-novogratz-explains-why-bitcoin-may-set-all-time-highs-in-2020.html
Top 5 Potentially Profitable Cryptocurrencies in 2020: Investment Advice,Yahoo Finance,"Feb 3, 2020",2020-02-03,"The most popular cryptocurrencies – Ethereum, Bitcoin and Ripple – have a high liquidity rate. Trading activity on exchanges indicates the number of transactions ...",https://finance.yahoo.com/news/top-5-potentially-profitable-cryptocurrencies-100627541.html
"Bitcoin Smashes Through $10,000 As Bull Run Suddenly Accelerates—Here’s Why",Forbes,"Feb 8, 2020",2020-02-08,"The sudden jump in the bitcoin price comes as bitcoin traders and investors are gearing up for the looming May bitcoin halving event, which will see the number of ...",https://www.forbes.com/sites/billybambrough/2020/02/08/bitcoin-smashes-through-10000-as-bull-run-suddenly-acceleratesheres-why/
Ohio man arrested for running Bitcoin mixing service that laundered $300 million,ZDNet,"Feb 14, 2020",2020-02-14,"Helix functioned as a Bitcoin mixer (Bitcoin tumbler), a type of service that takes funds from a user, split the sum into small parts, and using thousands of ...",https://www.zdnet.com/article/ohio-man-arrested-for-running-bitcoin-mixing-service-that-laundered-300-million/
Bitcoin Drove Half of Square's Cash App Revenue in the 4th Quarter - CoinDesk,CoinDesk,"Feb 26, 2020",2020-02-26,"It reported bitcoin revenue of $178 million between Oct. 1 and Dec. 31, with gross profits of $3 million, up 50 percent over the prior two quarters. Non-bitcoin ...",https://www.coindesk.com/bitcoin-drove-half-of-squares-cash-app-revenue-in-the-4th-quarter
If Billionaire Investor Warren Buffett Ever Buys Bitcoin You Should Probably Sell,Forbes,"Feb 26, 2020",2020-02-26,"This week, Buffett, 89, who built his fortune and career betting on well-performing stocks, promised he would ""never"" own bitcoin or any other cryptocurrency as ...",https://www.forbes.com/sites/billybambrough/2020/02/26/if-billionaire-investor-warren-buffett-ever-buys-bitcoin-you-should-probably-sell/
Drug dealer loses $60 million in Bitcoin when landlord unwittingly tosses codes,New York Post,"Feb 22, 2020",2020-02-22,"An Irish drug dealer learned the hard way what every bitcoin investor knows: never lose your codes. Clifton Collins, a former security guard and a beekeeper ...",https://nypost.com/2020/02/22/drug-dealer-loses-60-million-in-bitcoin-when-landlord-unwittingly-tosses-codes/
Visa Grants Coinbase Power To Issue Bitcoin Debit Cards,Forbes,"Feb 19, 2020",2020-02-19,"It's never been an instant, ""Oh, I'll buy this cup of coffee with bitcoin,"" says Zeeshan Feroz, CEO of Coinbase UK, which received the membership. “What the card is ...",https://www.forbes.com/sites/michaeldelcastillo/2020/02/19/visa-grants-coinbase-power-to-issue-bitcoin-debit-cards/
"Warren Buffett is 'completely wrong and outdated' on bitcoin, Chamath Palihapitiya says",CNBC,"Feb 26, 2020",2020-02-26,"He's long been a critic of bitcoin and has described the digital currency as ""rat poison squared,"" a ""mirage,"" and ""not a currency."" Although Palihapitiya disagrees ...",https://www.cnbc.com/2020/02/26/palihapitiya-warren-buffett-is-completely-wrong-outdated-on-bitcoin.html
No Bitcoin ETF Yet: A Deep Dive Into the Situation in the US,Cointelegraph,"Feb 22, 2020",2020-02-22,"Over the past several years, many entities have submitted proposals for regulated Bitcoin (BTC) exchange-traded funds, or ETFs in the United States. So far, the ...",https://cointelegraph.com/news/no-bitcoin-etf-yet-a-deep-dive-into-the-situation-in-the-us
"Bitcoin, Tesla Stock, Tron: How Warren Buffett Got His First ...",Bitcoin News,"Feb 7, 2020",2020-02-07,"Billionaire investor Warren Buffett received his first bitcoin and several other cryptocurrencies during a dinner with five cryptocurrency advocates, led by Justin ...",https://news.bitcoin.com/bitcoin-tesla-stock-warren-buffett/
Crypto asset manager sees bitcoin mining shift from China to North America,Reuters,"Feb 11, 2020",2020-02-11,LONDON (Reuters) - The world's biggest cryptocurrency asset manager said on Tuesday it was seeing efforts to shift bitcoin production to North America from ...,https://www.reuters.com/article/us-crypto-currencies-idUSKBN2052FW
What Caused Bitcoin Price to Surge Past $10K Over the Weekend?,Cointelegraph,"Feb 9, 2020",2020-02-09,"The sentiment around the recent Bitcoin rally remains divided amongst investors. Joe007, for instance, one of the biggest whales in the cryptocurrency market, ...",https://cointelegraph.com/news/what-caused-bitcoin-price-to-surge-past-10k-over-the-weekend
7 Explosive Cryptocurrencies to Buy for the Bitcoin Halvening,,"Feb 21, 2020",2020-02-21,"The number of bitcoins unlocked for mining one block will fall from 12.5 bitcoins, to 6.25 bitcoins. Because of this halving, bitcoin's supply is expected to rise by just ...",https://www.nasdaq.com/articles/7-explosive-cryptocurrencies-to-buy-for-the-bitcoin-halvening-2020-02-21
Jack Dorsey-Backed Lightning Labs Raises $10 Million To Build Visa Network For Bitcoin,Forbes,"Feb 5, 2020",2020-02-05,Bitcoin payments startup Lightning Labs has raised $10 million to expand its payments network that lets companies and individuals spend bitcoin as easily as ...,https://www.forbes.com/sites/michaeldelcastillo/2020/02/05/jack-dorsey-backed-lightning-labs-raises-10-million-to-build-visa-network-for-bitcoin/
Jack Dorsey Enables Bitcoin Emoji on Twitter Posts,Yahoo Finance,"Feb 3, 2020",2020-02-03,"Unicode has supported the bitcoin symbol as one of its currency signs since 2017. But there is currently no emoji version, meaning the symbol only appears as a ...",https://finance.yahoo.com/news/jack-dorsey-enables-bitcoin-emoji-104914375.html
Bitcoin’s Guardian Angel; The 50 Biggest Companies In Blockchain,Forbes,"Feb 23, 2020",2020-02-23,"BITCOIN'S GUARDIAN ANGEL. While global crypto markets are still in large part unregulated and under-secured, Coinbase CEO Brian Armstrong is on a mission ...",https://www.forbes.com/sites/cryptoconfidential/2020/02/23/bitcoins-guardian-angel-the-50-biggest-companies-in-blockchain/
Is bitcoin's 2020 rally another flash in the pan?,Reuters,"Feb 13, 2020",2020-02-13,LONDON (Reuters) - Crypto analysts are split on whether bitcoin's rise this year is driven by unique factors or is just its latest bout of volatility. But many agree on ...,https://www.reuters.com/article/us-crypto-currencies-analysis-idUSKBN2071RU
Man gets year in prison after $200K Bitcoin scam in Montana,,"Feb 6, 2020",2020-02-06,Thomas solicited funds from two Missoula men he met over LinkedIn in 2018 for investments into Bitcoin and issued them a quick return to obtain more ...,https://apnews.com/article/bitcoin-mt-state-wire-money-laundering-business-sentencing-44c28a2d748a68355428d8e611e43045
Drug dealer loses $58M in bitcoin after landlord accidentally throws codes out,CNET,"Feb 23, 2020",2020-02-23,"Bitcoin is currently worth over $9,700. Dan Kitwood/Getty. Between 2011 and 2012, Clifton Collins bought 6,000 bitcoin using money he earned from growing ...",https://www.cnet.com/news/drug-dealer-loses-58m-in-bitcoin-after-landlord-accidentally-throws-codes-out/
Layer1 Opens its First Bitcoin Mining Factory; Brings Multiple ...,,"Feb 19, 2020",2020-02-19,"""Our factory in West Texas is a game changer in Bitcoin mining. The facility uses custom ASIC chips and patent-pending liquid cooling technology, that enables us ...",https://www.prnewswire.com/news-releases/layer1-opens-its-first-bitcoin-mining-factory-brings-multiple-megawatt-containers-online-in-texas-301007614.html
"Bitcoin Ready to Explode, According to This Key Metric",CCN.com,"Feb 17, 2020",2020-02-17,"Google Trends data reveal that “bitcoin halving” is trending. Some believe that bitcoin will soar after the halving generates media hype. Bitcoin, bitcoin halving.",https://www.ccn.com/bitcoin-ready-to-soar-according-to-google-trends-data/
"Bitcoin.com, Danal Japan and ALLEX Partner up to Offer BCH ...",Bitcoin News,"Feb 7, 2020",2020-02-07,Bitcoin.com and ALLEX partner are going to expand settlement with Bitcoin Cash (BCH). Allex's security token exchange “ALLEX” is used for payment conversion ...,https://news.bitcoin.com/bitcoin-com-danal-japan-and-allex-partner-up-to-offer-bch-payment-services/
Ex-Microsoft engineer guilty of stealing over $10M with Bitcoin ...,CoinGeek,"Feb 27, 2020",2020-02-27,"Bitcoin founder Dr. Craig S. Wright said that rather than true anonymity, digital currency offered privacy—but criminal activity could still be investigated through ...",https://coingeek.com/ex-microsoft-engineer-guilty-of-stealing-over-10m-with-bitcoin-mixer-help/
SEC Rejects Latest Bitcoin ETF Bid - CoinDesk,CoinDesk,"Feb 26, 2020",2020-02-26,The U.S. Securities and Exchange Commission (SEC) rejected Wilshire Phoenix's bid for a bitcoin-based exchange-traded fund (ETF). In a filing posted ...,https://www.coindesk.com/sec-rejects-latest-bitcoin-etf-bid
Blow To Bitcoin As ‘Significant’ U.S. Crypto Crackdown Suddenly Revealed,Forbes,"Feb 16, 2020",2020-02-16,"This week, Treasury secretary Steven Mnuchin warned ""significant"" new bitcoin and cryptocurrency regulations are on their way, Minneapolis Federal Reserve ...",https://www.forbes.com/sites/billybambrough/2020/02/16/blow-to-bitcoin-as-significant-us-crackdown-suddenly-revealed/
Mike Bloomberg's 2020 Finance Policy Proposes Strict Bitcoin ...,Bitcoin News,"Feb 18, 2020",2020-02-18,"“For all the promise of the blockchain, bitcoin, and initial coin offerings, there's also plenty of hype, fraud and criminal activity.” Mike Bloomberg's 2020 Finance ...",https://news.bitcoin.com/mike-bloomberg-strict-bitcoin-regulations/
ETH Co-Founder Vitalik Buterin: “Bitcoin Cash Is Not Bitcoin”,Cointelegraph,"Feb 1, 2020",2020-02-01,"“Bitcoin Cash is not Bitcoin,” Buterin said in a Feb 1 tweet responding to Brad Mills' accusation of Buterin as Bitcoin Cash promoter. Several tweets exist that might ...",https://cointelegraph.com/news/eth-co-founder-vitalik-buterin-bitcoin-cash-is-not-bitcoin
US Government Auctioning off Bitcoins Worth $37 Million in 2 ...,Bitcoin News,"Feb 4, 2020",2020-02-04,"According to the announcement by the U.S. Marshals Service (USMS) which is holding the auction, approximately 4,040.54069820 bitcoins will be for sale. The ...",https://news.bitcoin.com/government-bitcoins/
Bitcoin Lender BlockFi Raises $30M in Series B Led by Peter Thiel's Valar Ventures - CoinDesk,CoinDesk,"Feb 13, 2020",2020-02-13,"BlockFi has been providing fiat loans with bitcoin (BTC) and ether (ETH) collateral since the beginning of last year. In March, it launched a service offering clients ...",https://www.coindesk.com/bitcoin-lender-blockfi-raises-30m-in-series-b-led-by-peter-thiels-valar-ventures
Ohio man accused of laundering $311 million in bitcoins through ‘Google of the dark net’,The Enquirer,"Feb 13, 2020",2020-02-13,"A Bath, Ohio, resident with a bitcoin-focused business in downtown Akron was secretly indicted by a federal grand jury in Washington, D.C., in December for ...",https://www.cincinnati.com/story/news/2020/02/13/bitcoin-larry-dean-harmon-indicted-cryptocurrency-money-laundering-scheme/4746978002/
Blockchain Pioneer Caitlin Long to Build Crypto Bank in Wyoming - CoinDesk,CoinDesk,"Feb 24, 2020",2020-02-24,"Avanti is partnering with bitcoin and blockchain technology startup Blockstream, which will provide bitcoin applications, as well as the software and hardware ...",https://www.coindesk.com/blockchain-pioneer-caitlin-long-to-build-crypto-bank-in-wyoming
Boerse Stuttgart Lists the First Short Bitcoin (SBTC) Tracking ...,,"Feb 25, 2020",2020-02-25,"Stuttgart, 25 February 2020 – A new exchange-traded product (ETPs) that tracks the inverse value of Bitcoin BTC is now available for trading on the Boerse ...",https://www.globenewswire.com/news-release/2020/02/25/1989693/0/en/Boerse-Stuttgart-Lists-the-First-Short-Bitcoin-SBTC-Tracking-Exchange-Traded-Product-from-21Shares.html
"$12 to $12K: The $100,000 Bitcoin Halving Is Just 100 Days Away",Cointelegraph,"Feb 1, 2020",2020-02-01,"A retrospective by Weiss Ratings suggests Bitcoin price by the time of the May 2020 halving will be more like $12,000 than $12 during its 2012 event.",https://cointelegraph.com/news/12-to-12k-the-100-000-bitcoin-halving-is-just-100-days-away
Billionaire Tim Draper admits to moving stock portfolio to Bitcoin,Coin Rivet,"Feb 25, 2020",2020-02-25,"Tim Draper has revealed the reason why he switched his stock market holdings towards Bitcoin by claiming that it will be the ""currency of choice"" ...",https://coinrivet.com/billionaire-tim-draper-admits-to-moving-stock-portfolio-to-bitcoin/
Bitmain Unveils 2 Bitcoin Miners With Max Speeds Up to ...,Bitcoin News,"Feb 27, 2020",2020-02-27,... that have affected numerous Chinese bitcoin mining rig manufacturers. The website shows a picture of the two S19 Antminers and offers specifications as well.,https://news.bitcoin.com/bitmain-bitcoin-miners-max-speeds/
CoinGeek The next Genesis: Bitcoin's two beginnings,CoinGeek,"Feb 4, 2020",2020-02-04,"In Bitcoin Satoshi Vision, the “Genesis” protocol upgrade is Bitcoin's “Second Adam,” which is likely why the name was given to the penultimate release of the BSV ...",https://coingeek.com/the-next-genesis-bitcoins-two-beginnings/
Ripple CEO Criticizes Bitcoin for Being too Dominated by China,BeInCrypto,"Feb 18, 2020",2020-02-18,"In recent comments made live on the New York Stock Exchange, Ripple CEO Brad Garlinghouse told the reporter that “China controls the Bitcoin blockchain.” ...",https://beincrypto.com/ripple-ceo-criticizes-bitcoin-for-being-too-dominated-by-china/
Irish Court Seizes $56 Million in Bitcoin From Alleged Drug Dealer,Cointelegraph,"Feb 19, 2020",2020-02-19,An alleged drug dealer lost over $56 million in Bitcoin after the Irish High Court ruled that they were criminal proceeds and should be confiscated. 5926 Total ...,https://cointelegraph.com/news/irish-court-seizes-56-million-in-bitcoin-from-alleged-drug-dealer
BCH Merchant Directories Now List 4300 Bitcoin Cash ...,Bitcoin News,"Feb 9, 2020",2020-02-09,"4,392 Bitcoin Cash Accepting Merchants. For over two and a half years, BCH proponents have been relentlessly promoting merchant adoption throughout the ...",https://news.bitcoin.com/bch-merchant-4300-bitcoin-cash/
Bitcoin Halving 2020: What does it mean?,CoinGeek,"Feb 28, 2020",2020-02-28,"The logic goes that, since the Bitcoin mining block reward halves every four years or so, the price will rise to compensate. While the two previous halvenings (or “ ...",https://coingeek.com/bitcoin-halving-2020-what-does-it-mean/
'A Drop-in Replacement for ABC' - BCH Devs Release Bitcoin ...,Bitcoin News,"Feb 28, 2020",2020-02-28,"On February 27, a group of developers behind the Bitcoin Cash Node implementation released the first version of the project's codebase. The new client is ...",https://news.bitcoin.com/bch-devs-bitcoin-cash-node/
Roger Ver: Prison Made Me a Bitcoin Believer,Cointelegraph,"Feb 27, 2020",2020-02-27,"Roger Ver in a Cointelegraph exclusive bears it all - from how his prison experience made him a Bitcoin believer to why BCH will appreciate 1,000 times.",https://cointelegraph.com/news/roger-ver-prison-made-a-bitcoin-believer
Bitcoin Cash Faces ‘Slow Death’ After Alleged $30M Hack — Commentator,Cointelegraph,"Feb 22, 2020",2020-02-22,"Bitcoin Cash Faces 'Slow Death' After Alleged $30M Hack — Commentator. A SIM card attack reportedly sees a total of $45 million stolen, while the consequences ...",https://cointelegraph.com/news/bitcoin-cash-faces-slow-death-after-alleged-30m-hack-commentator
Bitcoin SV Rumored to be Listing on Coinbase,BeInCrypto,"Feb 11, 2020",2020-02-11,"Rumors have been circulating on Twitter that Coinbase may soon be adding Bitcoin Satoshi's Vision (BSV). As of now, the exchange has not made a comment.",https://beincrypto.com/bitcoin-sv-rumored-to-be-listing-on-coinbase/
40 Banks in Germany Declare Intent to Offer Crypto Services ...,Bitcoin News,"Feb 10, 2020",2020-02-10,"Bitcoin.com reached out to the regulator for some more information. The law, which went into effect early this year, enables banks to offer crypto services after ...",https://news.bitcoin.com/banks-germany-crypto/
BitPay Enables Merchant Payments From Any Bitcoin Wallet,,"Feb 4, 2020",2020-02-04,"04, 2020 (GLOBE NEWSWIRE) -- BitPay, the world's largest provider of Bitcoin and cryptocurrency payment services, in a move applauded by merchants, ...",https://www.globenewswire.com/news-release/2020/02/04/1979573/0/en/BitPay-Enables-Merchant-Payments-From-Any-Bitcoin-Wallet.html
"As Bitcoin Fails To Break Out, This Minor Cryptocurrency Has Surged By 400%",Forbes,"Feb 3, 2020",2020-02-03,The tezos price has outperformed bitcoin and most other cryptocurrencies over the last 12-months. Coinbase. Tezos' XTZ tokens began trading in late 2017 at the ...,https://www.forbes.com/sites/billybambrough/2020/02/03/as-bitcoin-fails-to-breakout-this-minor-cryptocurrency-has-surged-by-400/
Mode unveils bitcoin buying app – Finextra,,"Feb 4, 2020",2020-02-04,"London-based fintech firm Mode, advised and backed by Twitter co-founder Biz Stone, has launched its Bitcoin banking mobile iOS app. This will make Bitcoin - ...",https://www.finextra.com/pressarticle/81355/mode-unveils-bitcoin-buying-app
‘This is not cool’: Elon Musk attacks Twitter over impersonators scamming bitcoin from followers,The Independent,"Feb 3, 2020",2020-02-03,"... to impersonate him and trick people into sending them cryptocurrencies like bitcoin and ethereum. Scams typically involve fake accounts holding ""giveaways"", ...",https://www.independent.co.uk/life-style/gadgets-and-tech/news/elon-musk-twitter-scam-bots-cryptocurrency-bitcoin-a9314356.html
BitPay and Poynt Take Bitcoin to the Streets - GlobeNewswire,,"Feb 11, 2020",2020-02-11,"Processor of more than a billion dollars in Bitcoin and cryptocurrency e-commerce annually, the deal gains BitPay entry to in-store payments for the first time on a ...",https://www.globenewswire.com/news-release/2020/02/11/1983160/0/en/BitPay-and-Poynt-Take-Bitcoin-to-the-Streets.html
Australian exchanges change their tune on Bitcoin SV,CoinGeek,"Feb 7, 2020",2020-02-07,Australian exchanges have not been favourable towards Bitcoin SV (BSV) and have resorted in taking political stances whilst running their exchange business.,https://coingeek.com/australian-exchanges-change-their-tune-on-bitcoin-sv/
"Craig Wright Doubles Down on Satoshi Claim, Says Bitcoin Core Infringes His 'Database Rights' - CoinDesk",CoinDesk,"Feb 17, 2020",2020-02-17,"However, Bitcoin Core (the group that maintains and develops bitcoin) and Bitcoin ABC (the team behind bitcoin cash [BCH]) “have sought to use my database ...",https://www.coindesk.com/craig-wright-doubles-down-on-satoshi-claim-says-bitcoin-core-infringes-his-database-rights
"Bitpay Enables Bitcoin Cash Payments at 100,000 Point-of ...",Bitcoin News,"Feb 12, 2020",2020-02-12,"“With just the scan of a QR code at checkout, consumers can now pay merchants using Poynt's devices with the currency of their choice, including bitcoin, bitcoin ...",https://news.bitcoin.com/bitpay-poynt-payments-crypto-partnership/
Shark Tank's Robert Herjavec Says Bitcoin’s Price Will ‘Quantuple’ Long-Term,Cointelegraph,"Feb 27, 2020",2020-02-27,"Shark Tank co-host Robert Herjavec sees long-term potential for Bitcoin, saying the asset is currently worth a fraction of its future value. 16354 Total views.",https://cointelegraph.com/news/shark-tanks-robert-herjavec-says-bitcoins-price-will-quantuple-long-term
Open Positions in Bakkt's Bitcoin Futures Jump to Record Highs - CoinDesk,CoinDesk,"Feb 6, 2020",2020-02-06,"While bitcoin hit fresh three-month highs on Wednesday, open interest in monthly bitcoin futures on the Intercontinental Exchange's (ICE) Bakkt platform jumped ...",https://www.coindesk.com/open-positions-in-bakkts-bitcoin-futures-jump-to-record-highs
Bitcoin cash price analysis: Correction could reach $250.00,Capital.com,"Feb 18, 2020",2020-02-18,Bitcoin Cash technical analysis shows that the cryptocurrency could fall towards the $250.00 if sellers trigger a large head-and-shoulders pattern. The daily time ...,https://capital.com/bitcoin-cash-price-analysis-february-w3
Crypto Briefing Bakkt's Bitcoin Payment App on Horizon ...,Crypto Briefing,"Feb 6, 2020",2020-02-06,"Bakkt is planning to purchase Bridge2 Solutions, a customer loyalty and rewards service, as part of its plans to offer a Bitcoin and cryptocurrency-powered ...",https://cryptobriefing.com/bakkts-bitcoin-payment-horizon-buyout/
Crypto Exchange FCoin Insolvent After Revealing Up to $130M Bitcoin Shortfall - CoinDesk,CoinDesk,"Feb 17, 2020",2020-02-17,"For instance, for every transaction fee a user paid to FCoin in the form of either bitcoin or ethereum, the platform would reimburse the user 100 percent of the ...",https://www.coindesk.com/crypto-exchange-fcoin-insolvent-after-revealing-up-to-130m-bitcoin-shortfall
Binance CEO Changpeng Zhao: Bitcoin SV Founder Craig Wright ‘Is a Fraud’,Cointelegraph,"Feb 24, 2020",2020-02-24,Binance CEO Changpeng Zhao: Bitcoin SV Founder Craig Wright 'Is a Fraud'. CEO and co-founder of major crypto exchange Binance Changpeng Zhao explicitly ...,https://cointelegraph.com/news/binance-ceo-changpeng-zhao-bitcoin-sv-founder-craig-wright-is-a-fraud
The Potential and the Reality of Bitcoin Charity,Bitcoin Magazine,"Feb 11, 2020",2020-02-11,"Bitcoin charities like BitGive recognize that blockchain technology can make charitable giving more efficient, while improving lives around the world. Author: ...",https://bitcoinmagazine.com/culture/the-potential-and-the-reality-of-bitcoin-charity
"Chinese Quarantine Cash to Stop Coronavirus, Not an Issue With Bitcoin",Cointelegraph,"Feb 16, 2020",2020-02-16,"Meanwhile, the crypto community began to pick up on the news commenting that the use of Bitcoin as a means of payment should fix the issue. More confirmed ...",https://cointelegraph.com/news/chinese-quarantines-cash-to-stop-coronavirus-not-an-issue-with-bitcoin
Clueless pundits don't understand Bitcoin,CoinGeek,"Feb 3, 2020",2020-02-03,"Bitcoin's 700,000 transactions per day is evidence of “price manipulation” and “fake activity,” according to two observers from the blockchain world. Let's take a ...",https://coingeek.com/clueless-pundits-dont-understand-bitcoin/
China Shuts Bitcoin Mining Farms Following Coronavirus Epidemic,Finance Magnates,"Feb 7, 2020",2020-02-07,"As the Coronavirus epidemic is getting worse, Chinese authorities are shutting down Bitcoin mining farms to contain the spread. Jiang Zhuoer, the operator of ...",https://www.financemagnates.com/cryptocurrency/news/china-shuts-bitcoin-mining-farms-following-coronavirus-epidemic/
Defi Market Surpasses $1 Billion – But There's a Catch ...,Bitcoin News,"Feb 7, 2020",2020-02-07,"The crypto collateralized stablecoin network is to defi what bitcoin is to the crypto market, its shadow looming large over proceedings. Many of the decentralized ...",https://news.bitcoin.com/defi-market-surpasses-1-billion-but-theres-a-catch/
"Jimmy Wales: I'm not against Bitcoin, but it's not useful to ...",CoinGeek,"Feb 21, 2020",2020-02-21,"Wikipedia founder Jimmy Wales said he's not ideologically opposed to Bitcoin, but doesn't see any compelling reasons to use it right now. Joining Dr. Craig ...",https://coingeek.com/jimmy-wales-im-not-against-bitcoin-but-its-not-useful-to-wikipedia-right-now-video/
Bitcoin IRA™ Reports 11.6% Average Net Return For Self ...,PR Newswire,"Feb 6, 2020",2020-02-06,The coin breakdown on investor returns (purchases made anytime in January 2020):. 11.9% average investor return for Bitcoin (BTC); 10.0% average investor ...,https://www.prnewswire.com/news-releases/bitcoin-ira-reports-11-6-average-net-return-for-self-directed-investors-in-the-first-month-of-2020--300999997.html
New Report Finds North Korean Mining of XMR Increased ...,Bitcoin News,"Feb 13, 2020",2020-02-13,"While North Korea has previously been reported to be involved in the mining, stealing, or generating of bitcoin, litecoin, and monero, Insikt emphasizes:.",https://news.bitcoin.com/north-korea-xmr-mining/
Finnish Authorities Have $15M in Seized Bitcoin but Don’t Want to Sell It - CoinDesk,CoinDesk,"Feb 26, 2020",2020-02-26,Finland's customs agency has been struggling with what to do with a horde of bitcoin (BTC) it fears could end up back in the hands of criminals if sold off. Finnish ...,https://www.coindesk.com/finnish-authorities-have-15m-in-seized-bitcoin-but-dont-want-to-sell-it
Bitcoin SV (BSV) Network Completes Historic Genesis Hard Fork,,"Feb 4, 2020",2020-02-04,"Along Bitcoin's journey, protocol developers on the BTC chain deviated from Satoshi Nakamoto's original design and restricted many technical capabilities of ...",https://www.prnewswire.com/news-releases/bitcoin-sv-bsv-network-completes-historic-genesis-hard-fork-300999062.html
Bitcoin's Future as Real Currency Like Dollar Relies on Inflation,Bloomberg.com,"Feb 21, 2020",2020-02-21,"The Key to Bitcoin's Future: Inflation. If the cryptocurrency is going to be used as widely as dollars, its fans must abandon the dream of deflationary digital gold. By.",https://www.bloomberg.com/opinion/articles/2020-02-21/bitcoin-s-future-as-real-currency-like-dollar-relies-on-inflation
"Tesla’s Epic Rally Echoes Past Oil, Bitcoin Bubbles",Wall Street Journal,"Feb 4, 2020",2020-02-04,"and other tech stocks of the dot-com era; oil in 2008 and bitcoin in 2017. “I'm not saying this is the top,” said Peter Cecchini, ...",https://www.wsj.com/articles/teslas-epic-rally-echoes-past-oil-bitcoin-bubbles-11580853363
"After breaking above $10,000, bitcoin euphoria fades",Al Jazeera,"Feb 10, 2020",2020-02-10,"The world's most popular cryptocurrency has also struggled after having crossed the $10,000 threshold previously. On Sunday, bitcoin surged above the ...",https://www.aljazeera.com/economy/2020/2/10/after-breaking-above-10000-bitcoin-euphoria-fades
"Bitcoin.Com Releases Fastest Ever Wallet App, With Built-In ...",Bitcoin News,"Feb 4, 2020",2020-02-04,"Among the new updates included in the mobile app focused on speed is Instant Pay, a feature which completes bitcoin cash payments in less than a second, ...",https://news.bitcoin.com/fastest-wallet/
Bitcoin Price Manipulation: Binance CEO Reveals Truth About ...,International Business Times,"Feb 17, 2020",2020-02-17,Bitcoin (BTC) rallying is always a boon for exchanges: more trading volume means more revenue for an exchange. And if there is much hype around the ...,https://www.ibtimes.com/bitcoin-price-manipulation-binance-ceo-reveals-truth-about-exchanges-manipulating-2923597
Bitcoin ATMs start to spread — and to draw scrutiny,The Seattle Times,"Feb 19, 2020",2020-02-19,Bitcoin is the leading digital currency. Digital currency ATMs are an obscure corner of consumer finance. There's no guarantee they will take hold. But they are ...,https://www.seattletimes.com/business/bitcoin-atms-start-to-spread-and-to-draw-scrutiny/
‘Don’t be late to the party’ — bitcoin rose 170% the last time this signal flashed,MarketWatch,"Feb 22, 2020",2020-02-22,"'Don't be late to the party' — bitcoin rose 170% the last time this signal flashed. Published: Feb. 22, 2020 at 2:27 p.m. ET. By. Shawn Langlois.",https://www.marketwatch.com/story/dont-be-late-to-the-party-bitcoin-rose-170-the-last-time-this-signal-flashed-2020-02-18
"Regulatory Roundup: Trump's Cryptocurrency Proposals, IRS ...",Bitcoin News,"Feb 18, 2020",2020-02-18,"In addition, the U.S. is auctioning over 4,040 seized bitcoins, currently worth ... Bitcoin.com that it has registered and enrolled 312 digital currency exchange ...",https://news.bitcoin.com/trump-cryptocurrency-china/
"Bitcoin ATMs Grow in Number Reaching Almost 7,000 in ...",Bitcoin News,"Feb 15, 2020",2020-02-15,"Bitcoin cash (BCH), for example, increased its rate from a little under $200 per coin to almost $500 on Feb. 14. Higher prices are bringing interest back to the crypto ...",https://news.bitcoin.com/bitcoin-atms-close-to-7000/
Fundstrat issues updated report on Bitcoin SV and Metanet,CoinGeek,"Feb 18, 2020",2020-02-18,"Fundstrat Global Advisors, the New York-based leading independent market strategy and sector research firm, have released their latest report analyzing Bitcoin ...",https://coingeek.com/fundstrat-issues-updated-report-on-bitcoin-sv-and-metanet/
"Coinbase Revives Margin Trading, With Conservative (for Crypto) 3x Leverage - CoinDesk",CoinDesk,"Feb 12, 2020",2020-02-12,"While U.S. traders can get leverage to buy regulated bitcoin (BTC) futures contracts on the CME and Intercontinental Exchange's Bakkt division, those venues ...",https://www.coindesk.com/coinbase-revives-margin-trading-with-conservative-for-crypto-3x-leverage
Coinbase Says Bitcoin Will Become Closer to Digital Gold in 93 Days,Cointelegraph,"Feb 8, 2020",2020-02-08,"The supply of Bitcoin is limited by design, with new tokens being minted as a reward every time a block of transactions is mined. The initial reward level of 50 BTC ...",https://cointelegraph.com/news/coinbase-says-bitcoin-will-become-closer-to-digital-gold-in-93-days
5 Reasons Why Bitcoin Is Likely Going Much Higher From Here,Seeking Alpha,"Feb 25, 2020",2020-02-25,"Bitcoin (BTC-USD) appears to be at another inflection point here. The crypto asset had gained as much 84% from its low point in late 2019, and is up by roughly ...",https://seekingalpha.com/article/4326907-5-reasons-why-bitcoin-is-likely-going-much-higher-from
Lebanese Turn to Bitcoin as Economy Sinks,,"Feb 25, 2020",2020-02-25,The Lebanese economy is in deep trouble – leading citizens to embrace Bitcoin (BTC) and altcoins in an attempt to escape the banking system and protect their ...,https://cryptonews.com/news/lebanese-turn-to-bitcoin-as-economy-sinks-5875.htm
BCH Funding Debate: Developers Plan to Launch IFP-Free ...,Bitcoin News,"Feb 20, 2020",2020-02-20,Developers Announce a Bitcoin ABC Node Is in the Works With the Infrastructure Funding Plan Stripped from the Code. The last week in Bitcoin Cash land has ...,https://news.bitcoin.com/bch-funding-debate-ifp-free-bitcoin-abc/
Monday’s Price Drop Didn’t Break Bitcoin’s Bullish Trend - CoinDesk,CoinDesk,"Feb 11, 2020",2020-02-11,"Bitcoin's broader uptrend is still valid despite Monday's sudden move lower from $10,200. The weekly chart shows scope for a test of the October high of ...",https://www.coindesk.com/mondays-price-drop-didnt-break-bitcoins-bullish-trend
From Star Trek to Wikipedia: Crashing Bitcoin SV Fails to ...,Bitcoin News,"Feb 11, 2020",2020-02-11,The Bitcoin SV network and the infamous Craig Wright have been publicly scrutinized by two well known individuals. Wikipedia's Jimmy Wales criticized BSV ...,https://news.bitcoin.com/star-trek-wikipedia-bitcoin-sv/
Forbes The Biggest Threat To Bitcoin Is Back On Track,Forbes,"Feb 25, 2020",2020-02-25,"But Facebook, and its headstrong leader Mark Zuckerberg, aren't ready to give up yet. bitcoin, bitcoin price, Facebook, Mark Zuckerberg, libra, image. Facebook's ...",https://www.forbes.com/sites/billybambrough/2020/02/25/the-biggest-threat-to-bitcoin-is-back-on-track/
How to Buy Bitcoin SV | Best BSV Wallets in 2021,,"Nov 9, 2020",2020-11-09,"BSV has a dedicated blockchain that was forked from Bitcoin Cash, which in turn was forked directly from Bitcoin, and in exactly the same way as Bitcoins are ...",https://invezz.com/cryptocurrency/bitcoin-sv/buy/
Bitcoin Traps Buyers With Biggest Daily Price Loss in Three Months - CoinDesk,CoinDesk,"Feb 20, 2020",2020-02-20,"Despite an $800 fall on Wednesday, bitcoin's broader trend remains bullish, with prices holding above the higher low of $9,075 (Feb. 4 low). However ...",https://www.coindesk.com/bitcoin-traps-buyers-with-biggest-daily-price-loss-in-three-months
"Bath Township man ran service that laundered $311 million in bitcoin for darknet transactions, feds say",Cleveland.com,"Feb 12, 2020",2020-02-12,"Helix exchanged at least 354,468 bitcoins, the equivalent of about $311 million at the time of the transactions, the indictment states. In addition to AlphaBay, the ...",https://www.cleveland.com/court-justice/2020/02/bath-township-man-ran-service-that-laundered-311-million-in-bitcoin-for-darknet-transactions-feds-say.html
Bitcoin’s Potential to Benefit the African-American Community,Cointelegraph,"Feb 24, 2020",2020-02-24,"Bitcoin & Black America, written by Isaiah Jackson, offers an analysis of the role cryptocurrency can play with African-Americans, a group historically ...",https://cointelegraph.com/news/bitcoins-potential-to-benefit-the-african-american-community
CME Bitcoin Futures Daily Trading Volume Hits 2020 Low - That's a Bullish Sign - CoinDesk,CoinDesk,"Feb 24, 2020",2020-02-24,Daily trading volume in bitcoin (BTC) futures listed on the Chicago Mercantile Exchange (CME) dropped to year-to-date lows on Friday. The volume hit $118 ...,https://www.coindesk.com/cme-bitcoin-futures-daily-trading-volume-hits-2020-low-thats-a-bullish-sign
"Bitcoin's Lightning Network Is Growing 'Increasingly Centralized,' Researchers Find - CoinDesk",CoinDesk,"Feb 20, 2020",2020-02-20,"Bitcoin's lightning network is growing “increasingly centralized,” making it more susceptible to attacks, asserts a new paper by security researchers. Seen as a ...",https://www.coindesk.com/bitcoins-lightning-network-is-growing-increasingly-centralized-researchers-find
Wealth Manager Makes Massive $8 Trillion Bitcoin Bet—But Adds A Serious Warning,Forbes,"Feb 4, 2020",2020-02-04,"If bitcoin were to reach a total valuation of $8 trillion, the cryptocurrency would be worth around the same as the entire gold market. Elsewhere, Mike Novogratz, the ...",https://www.forbes.com/sites/billybambrough/2020/02/04/wealth-manager-makes-massive-8-trillion-bitcoin-betbut-adds-a-serious-warning/
Blockstack's New Consensus Mechanism Creates New Use Case for Bitcoin - CoinDesk,CoinDesk,"Feb 6, 2020",2020-02-06,"“We accept bitcoin as the most secure blockchain in the world. We accept a world where this will continue to be the case,” Blockstack CEO Muneeb Ali told ...",https://www.coindesk.com/blockstack-nodes-will-be-paid-in-btc-not-stx-to-secure-the-network
Curv's Keyless Cryptography Brings a New Level of Security ...,,"Feb 10, 2020",2020-02-10,"10, 2020 /PRNewswire/ -- Today, Bitcoin Association announced Bitcoin Satoshi Vision (BSV) will be fully supported by Curv's institutional digital asset security ...",https://www.prnewswire.com/news-releases/curvs-keyless-cryptography-brings-a-new-level-of-security-to-bitcoin-satoshi-vision-bsv-301001446.html
"Bitcoin SV, and everyone else: How we won the protocol war",CoinGeek,"Feb 7, 2020",2020-02-07,"Much like Bitcoin, these protocol wars raged for years. Blu Ray discs, for example, were not necessarily the best technology in every granular regard. HD-DVD had ...",https://coingeek.com/bitcoin-sv-and-everyone-else-how-we-won-the-protocol-war/
Craig Wright's 'Bonded Courier' Allegedly an Attorney Who ...,Bitcoin News,"Feb 4, 2020",2020-02-04,"The security expert Kleiman is now deceased, but his brother Ira believes Wright defrauded Dave of billions of dollars worth of bitcoin assets and intellectual ...",https://news.bitcoin.com/craig-wright-bonded-courier-attorney/
Bitcoin and Cryptocurrency Are 'Like a Giant Garbage ...,Bitcoin News,"Feb 13, 2020",2020-02-13,"Bitcoin and Crypto 'a Giant Garbage Dumpster'. Minneapolis Federal Reserve President Neel Kashkari talked about cryptocurrencies, including bitcoin, at a Town ...",https://news.bitcoin.com/bitcoin-cryptocurrency-federal-reserve/
Tyler Winklevoss’ Had a $3 Million ‘Bitcoin Pizza Moment’ With Space Travel,Cointelegraph,"Feb 24, 2020",2020-02-24,"Crypto entrepreneur Tyler Winklevoss is reportedly the owner of the world's most expensive ticket to space, which he bought for Bitcoins now worth $3 million.",https://cointelegraph.com/news/tyler-winklevoss-had-a-3-million-bitcoin-pizza-moment-with-space-travel
Bitcoin Price Drop Nets Bitfinex 'Whale' $10 Million in 5 Minutes,Cointelegraph,"Feb 16, 2020",2020-02-16,Bitcoin price suddenly dived below $10K on Saturday leading many to speculate that a well-known Bitfinex whale trader could be the reason for the pullback.,https://cointelegraph.com/news/bitcoin-price-drop-nets-bitfinex-whale-10-million-in-5-minutes
100 Days Remaining: Three Ways to Invest in Bitcoin Before the Next Halving,BeInCrypto,"Feb 4, 2020",2020-02-04,"The third Bitcoin halving event, which will see the reward for each newly mined block reduced to just 6.25 BTC, is now less than 100 days away. Ad. Historically ...",https://beincrypto.com/100-days-remaining-three-ways-to-invest-in-bitcoin-before-the-next-halving/
The Importance Of A Bitcoin Mixer,TechBullion,"Feb 2, 2020",2020-02-02,"Launched in 2009, Bitcoin is currently the most valuable cryptocurrency in the world. It was designed to be a decentralized platform where community users are ...",https://techbullion.com/the-importance-of-a-bitcoin-mixer/
Can Bitcoin Be Seized as Self-Proclaimed BTC Creator Craig Wright Claims?,Cointelegraph,"Feb 28, 2020",2020-02-28,Bitcoin experts elaborate on whether self-proclaimed Bitcoin creator Craig Wright's claims that Bitcoin can be seized to accommodate court orders are true.,https://cointelegraph.com/news/can-bitcoin-be-seized-as-self
"Bitcoin breaks $10,000 as coronavirus shuts down cryptominers",SiliconANGLE,"Feb 9, 2020",2020-02-09,"On the supply side, Chinese bitcoin miners have been shut down due to the coronavirus. How many is not clear, but a reasonable guess would be that some have ...",https://siliconangle.com/2020/02/09/bitcoin-breaks-10000-coronavirus-sees-cryptominers-shutdown/
"Lightning Solves Bitcoin's Speed Problem, but Watch Out for Fraudsters - CoinDesk",CoinDesk,"Feb 24, 2020",2020-02-24,"A bitcoin payment is special. The bitcoin network is open to everyone, or censorship resistant. It allows for pseudonymous usage. And it provides what Satoshi ...",https://www.coindesk.com/lightning-solves-bitcoins-speed-problem-but-watch-out-for-fraudsters
RSK Launches Interoperability Bridge Between Bitcoin and Ethereum - CoinDesk,CoinDesk,"Feb 7, 2020",2020-02-07,The parent company behind the bitcoin-based smart contract platform RSK has launched a token bridge joining it to ethereum. Gibraltar-based developer IOV ...,https://www.coindesk.com/rsk-launches-interoperability-bridge-between-bitcoin-and-ethereum
Bitcoin Ventures pitching tips with Jimmy Nguyen,CoinGeek,"Feb 13, 2020",2020-02-13,"I was privileged to be in the room during the inaugural Bitcoin Association BSV Venture Pitch Day, which took place in the lead up to CoinGeek Korea ...",https://coingeek.com/bitcoin-ventures-pitching-tips-with-jimmy-nguyen/
Withdraw bitcoin to a credit card in Lumi Wallet - Finextra,,"Feb 20, 2020",2020-02-20,Withdraw bitcoin to a credit card in Lumi Wallet. 20 February 2020. 1. 0. 0. Source: Lumi. Now it is possible to withdraw crypto to a credit card in Lumi Wallet and ...,https://www.finextra.com/pressarticle/81560/withdraw-bitcoin-to-a-credit-card-in-lumi-wallet
Tax Friendly Saint Kitts and Nevis Approves Progressive ...,Bitcoin News,"Feb 6, 2020",2020-02-06,"The island country of Saint Kitts and Nevis, located in the West Indies, recently passed a bill that legalizes digital currency assets like bitcoin cash. The act is ...",https://news.bitcoin.com/saint-kitts-tax-crypto-bill/
3 Great Funds for Investors Interested in Bitcoin,,"Feb 4, 2020",2020-02-04,"Great Bitcoin Funds: Grayscale Bitcoin Trust (GBTC). Expense ratio: 2% per year, or $200 on a $10,000 investment. Source: Shutterstock.",https://investorplace.com/2020/02/3-great-funds-for-investors-interested-in-bitcoin/
"Here's how bitcoin gets to $12,000",CNBC,"Feb 13, 2020",2020-02-13,"The bitcoin boom is back on. The cryptocurrency has risen 46% this year, pulling back above $10,000 this week for the first time since September. The rally is far ...",https://www.cnbc.com/2020/02/13/heres-how-bitcoin-gets-to-12000.html
Bitcoin Most 'Overbought' in 2 Years After Price Rises Back Above $10K - CoinDesk,CoinDesk,"Feb 12, 2020",2020-02-12,"Bitcoin is at its most overbought level since December 2017, according to the three-day chart's money flow index. If prices fail to establish a foothold above ...",https://www.coindesk.com/bitcoin-is-most-overbought-in-2-years-after-price-rises-back-above-10k
US Presidential Candidate Andrew Yang Says Regulations ...,Bitcoin News,"Feb 1, 2020",2020-02-01,"He asked the presidential candidate what he would do under his administration with regard to regulations of the crypto industry, such as bitcoin exchanges.",https://news.bitcoin.com/andrew-yang-crypto/
Minecraft Players Can Win Bitcoin on New Treasure Hunt Server,Yahoo Finance,"Feb 3, 2020",2020-02-03,"Users pay $1 in bitcoin for an in-game life. Entry fees are collected and most will go towards a specific treasure wallet address, which is awarded to the player ...",https://finance.yahoo.com/news/minecraft-players-win-bitcoin-treasure-160033197.html
Record Breaking Interest - Observing the Predictive Power of ...,Bitcoin News,"Feb 28, 2020",2020-02-28,Bitcoin futures providers have been seeing a lot of action during the last two weeks as cryptocurrency markets have been extremely volatile. Data shows there's ...,https://news.bitcoin.com/bitcoin-futures-btc-spot-prices/
Police bust alleged operator of Bitcoin mixing service Helix,Naked Security,"Feb 17, 2020",2020-02-17,Before launching Helix. HARMON posted online that Helix was designed to be a 'bitcoin tumbler' that 'cleans' bitcoins by providing customers with new bitcoins ' ...,https://nakedsecurity.sophos.com/2020/02/17/police-bust-alleged-operator-of-bitcoin-mixing-service-helix/
Bakkt aims to turn your rewards points into a wallet you can spend anywhere,Fortune,"Feb 5, 2020",2020-02-05,"Bakkt created the first federally regulated cryptocurrency futures exchange in September, a platform that enables institutions to trade Bitcoin on the ICE U.S. ...",https://fortune.com/2020/02/05/bakkt-rewards-points-bitcoin-cash-wallet/
"Ethereum, Bitcoin’s closest rival, faces its moment of truth",Fortune,"Feb 19, 2020",2020-02-19,"It's a big advance from the relatively narrow constraints of Bitcoin, whose blockchain creates a transaction record but is incapable of smart contracts. A prominent ...",https://fortune.com/2020/02/19/ethereum-bitcoin-closest-rival-cryptocurrency/
What's Next For Bitcoin After Its Recent Drop?,Forbes,"Feb 20, 2020",2020-02-20,"Bitcoin markets have been relatively calm since yesterday afternoon, when the digital currency fell more than 8% in a matter of hours. The cryptocurrency ...",https://www.forbes.com/sites/cbovaird/2020/02/20/whats-next-for-bitcoin-after-its-recent-drop/
"Tax Rules Hit Brazilian Crypto Exchanges, Forcing Trading ...",Bitcoin News,"Feb 14, 2020",2020-02-14,Anyone who keeps bitcoin core (BTC) with the exchange should transfer the coins to a private wallet or another exchange. Customers who have balances in ...,https://news.bitcoin.com/tax-rules-hit-brazilian-crypto-exchanges/
AI Fintech Goes After Voice Brokers in Bitcoin (BTC USD),Bloomberg.com,"Feb 4, 2020",2020-02-04,London-based AiX last week negotiated its first Bitcoin-U.S. dollar trade using a proprietary artificial intelligence system that communicates with human traders at ...,https://www.bloomberg.com/news/articles/2020-02-04/ai-fintech-goes-after-voice-brokers-with-first-bitcoin-trade
The Ten Most Prominent Figures in the Cryptocurrency World,Entrepreneur,"Feb 10, 2020",2020-02-10,Satoshi Nakamoto. The creator of Bitcoin. Age: Unknown. Rocking in as the undisputed number one on our list is 'Satoshi Nakamoto' the creator of Bitcoin ...,https://www.entrepreneur.com/article/346140
Minecraft Treasure Hunt ‘SatoshiQuest’ Will Cost You $1 on the Bitcoin Trail,CCN.com,"Feb 3, 2020",2020-02-03,Mincraft players can now compete to find hidden Bitcoin in a crypto treasure hunt. But will SatoshiQuest withstand another BTC fee hike? Minecraft | Source: ...,https://www.ccn.com/minecraft-treasure-hunt-satoshiquest-will-cost-you-1-on-the-bitcoin-trail/
The Controversial S2F Model Predicts Bitcoin Price Will ...,Bitcoin News,"Feb 4, 2020",2020-02-04,"The basic idea of S2F is that the effect of scarcity on the BTC price can be measured using the current circulating supply of bitcoin and its rate of production, ...",https://news.bitcoin.com/s2f-bitcoin-price-100000-usd/
$30M Bitcoin Cash 'SIM Hack' Sparks Wild Crypto Tales With ...,Bitcoin News,"Feb 23, 2020",2020-02-23,The Unverified Bitcoin Mining Flood Video. The story about the so-called $30 million BCH SIM card hack is another example of how hearsay and rumors can ...,https://news.bitcoin.com/30m-sim-hack/
The Investment Case for Bitcoin,ETF Trends,"Feb 1, 2020",2020-02-01,"Correlation (2/1/2012 – 12/31/2019). S&P 500, U.S. Bonds, Bitcoin, Gold, U.S.. Real Estate, Oil, Emerging Markets Currencies. S&P ...",https://www.etftrends.com/tactical-allocation-channel/the-investment-case-for-bitcoin-2/
Bitcoin Depot grows deployment to 500 ATMs nationwide,ATM Marketplace,"Feb 6, 2020",2020-02-06,"Bitcoin ATMs convert fiat currency into digital cash and the company said it has deployed more than 200 machines in the past quarter and is on track to have 1,000 ...",https://www.atmmarketplace.com/news/bitcoin-depot-grows-deployment-to-500-atms-nationwide/
"Twitter, Square Stock 20% Price Surge Boosts Bitcoin Lightning Network",Cointelegraph,"Feb 7, 2020",2020-02-07,"Twitter, Square Stock 20% Price Surge Boosts Bitcoin Lightning Network. Twitter and Square make major gains following revenue reports, while Jack Dorsey- ...",https://cointelegraph.com/news/twitter-square-stock-20-price-surge-boosts-bitcoin-lightning-network
UK Court Confirms Bitcoin's Status as Property,Lexology,"Feb 3, 2020",2020-02-03,"Bryan J noted that, prima facie this created a difficulty for Bitcoin and other cryptocurrencies in that they are not tangible, nor may ownership of Bitcoins create ...",https://www.lexology.com/library/detail.aspx?g=0173cbbe-5ead-4db7-9293-a57db3f52700
SEC to Decide the Fate of Another Bitcoin ETF Proposal This Week - CoinDesk,CoinDesk,"Feb 24, 2020",2020-02-24,"The U.S. Securities and Exchange Commission (SEC) is once again poised to approve or reject a bitcoin exchange-traded fund (ETF), when Wilshire Phoenix's ...",https://www.coindesk.com/sec-to-decide-the-fate-of-another-bitcoin-etf-proposal-this-week
The US government lost $1.7 billion by selling Bitcoin too early,TNW,"Feb 10, 2020",2020-02-10,"Introducing the US Marshals Bitcoin Auction realtime schadenfreude tracker. As of today, the Marshals have missed out on over 1.7 billion dollars by selling ...",https://thenextweb.com/news/bitcoin-us-government-billion-auction-criminal-seized-sales-btc-cryptocurrency
"XRP Plummets 56% in One Candle, Bitmex Traders Outraged ...",Bitcoin News,"Feb 13, 2020",2020-02-13,"Bitcoin.com does not provide investment, tax, legal, or accounting advice. Price articles and market updates are intended for informational purposes only and ...",https://news.bitcoin.com/xrp-plummets-56/
Defi for Bitcoin: Collateral Peg Platform Provides Noncustodial ...,Bitcoin News,"Feb 19, 2020",2020-02-19,"During the second week of February, a new project called tBTC was unveiled that is similar to the Wrapped Bitcoin (WBTC) created with the Ethereum network.",https://news.bitcoin.com/defi-bitcoin-collateral-noncustodial-btc-ethereum/
"Bitcoin Confiscation is Easy, Claims Self-Professed Satoshi",BeInCrypto,"Feb 27, 2020",2020-02-27,"Confiscating bitcoins is nothing like seizing funds stored in a bank. Law enforcement simply commands a bank to transfer illicit funds. With Bitcoin, there is no bank.",https://beincrypto.com/bitcoin-confiscation-is-easy-claims-self-professed-satoshi/
Lebanon Fights for Separation of Money and State as ...,Bitcoin News,"Feb 27, 2020",2020-02-27,Mass Unrest Over Bank Closures and Withdrawal Limits · More Lebanese Turn to Bitcoin in Midst of Suffocating Capital Controls · OTC Trading a Popular Method ...,https://news.bitcoin.com/lebanon-bitcoin-protests/
Google AdSense ads targeted in new Bitcoin extortion scam,Micky News,"Feb 18, 2020",2020-02-18,A new Bitcoin extortion scam is targeting website owners and threatening to shut down their Google AdSense ads by flooding them with junk traffic unless they ...,https://micky.com.au/google-adsense-ads-targeted-in-new-bitcoin-extortion-scam/
"US government auctioning 4,000 bitcoins worth $39M recovered from criminal cases",Fox Business,"Feb 18, 2020",2020-02-18,"US government auctioning 4,000 bitcoins worth $39M recovered from criminal cases. Bidding window is open from 8 a.m. to 2 p.m. EST Tuesday.",https://www.foxbusiness.com/money/bitcoin-auction-us-government
How to Find Your Nearest Bitcoin ATM – Services Bitcoin News,Bitcoin News,"Feb 21, 2020",2020-02-21,"Bitcoin teller machines (BATMs) are a great gateway to the world of ... including bitcoin core (BTC) and bitcoin cash (BCH), and to select the ATM locations ...",https://news.bitcoin.com/how-to-find-your-nearest-bitcoin-atm/
Bitcoin Chart Indicator Flips Bearish as Price Sees Weak Bounce From $9.4K - CoinDesk,CoinDesk,"Feb 21, 2020",2020-02-21,"Bitcoin's (BTC) daily money flow index has turned bearish, supporting the case for a deeper price pullback put forward by Wednesday's bearish engulfing candle.",https://www.coindesk.com/bitcoin-chart-indicator-flips-bearish-as-price-sees-weak-bounce-from-9-4k
The Sports Betting Market Plays Big Role In Bitcoin Success,Legal Sports Betting,"Feb 27, 2020",2020-02-27,The sports betting market has given cryptocurrencies like Bitcoin a major boom in business. Gamblers and sports bettors alike have taken up over half of all ...,https://www.legalsportsbetting.com/news/why-the-success-of-bitcoin-is-due-to-online-sports-betting/
When Will Bitcoin Hit $10000 Again?,Bitcoin Market Journal,"Feb 7, 2020",2020-02-07,Yoni also put out his own volley of tweets in which he states that he tried to teach Warren about bitcoin but instead Warren taught him about value investing.,https://www.bitcoinmarketjournal.com/when-will-bitcoin-hit-10000-again/
Major Multi-Cryptocurrency ATM Network Bitcoin Depot Is Expanding Services to Over 500 ATMs Globally,Crowdfund Insider,"Feb 8, 2020",2020-02-08,"Bitcoin ATMs (BTMs), or Bitcoin kiosks, are reportedly among the world's fastest-growing industries, because of the increased demand for in-person digital ...",https://www.crowdfundinsider.com/2020/02/157279-major-multi-cryptocurrency-atm-network-bitcoin-depot-is-expanding-services-to-over-500-atms-globally/
Forbes Can All Of Bitcoin Be Hacked?,Forbes,"Feb 16, 2020",2020-02-16,"Elliptic curve cryptography, or ECC, is the foundation beneath bitcoin. Wouldn't the discovery of a hole in this code destroy the currency—and take down any ...",https://www.forbes.com/sites/baldwin/2020/02/16/can-all-of-bitcoin-be-hacked/
Bitcoin Daily: Bitcoin Hack Victims To Receive $13.8M; Bermuda Gov’t Boosts Blockchain Adoption,PYMNTS.com,"Feb 3, 2020",2020-02-03,"Jonathan Levy. The largest claim involved a hacked bitcoin wallet containing almost 1,000 bitcoins. Another claim surrounded Ponzi schemes using bitcoin ...",https://www.pymnts.com/blockchain/bitcoin/2020/bitcoin-daily-bitcoin-hack-victims-to-receive-13-8m-bermuda-govt-boosts-blockchain-adoption/
Bitcoin Spikes To Fresh 2020 High,Forbes,"Feb 11, 2020",2020-02-11,"Bitcoin prices surged this morning, rising to their highest since September, as the cryptocurrency continued its current, bullish trend. The digital currency climbed ...",https://www.forbes.com/sites/cbovaird/2020/02/11/bitcoin-spikes-to-fresh-2020-high/
The Many Facts Pointing to Dorian Nakamoto Being Satoshi ...,Bitcoin News,"Feb 16, 2020",2020-02-16,"In March 2014, a Newsweek columnist named Leah McGrath Goodman published a story called “The Face Behind Bitcoin.” She claimed Bitcoin's inventor was a ...",https://news.bitcoin.com/many-facts-dorian-nakamoto-satoshi/
Visa Head of Crypto Sees Bright Future for Bitcoin,Bitcoinist,"Feb 16, 2020",2020-02-16,"Cuy Sheffield, Head of Crypto at credit card giant Visa, envisions Bitcoin Sats as the internet native unit of account for purchases less than one cent. He sees this ...",https://bitcoinist.com/visa-head-of-crypto-sees-bright-future-bitcoin/
10 students caught impersonating others during Karachi University Bcom exams,Samaa TV,"Feb 26, 2020",2020-02-26,Previous. Looking for South Indian dosa on the streets of Karachi? Watch: Is Dogecoin the next Bitcoin? Looking for South Indian dosa on the streets of Karachi?,https://www.samaa.tv/video/2020/02/10-students-caught-impersonating-others-during-karachi-university-bcom-exams/
A10 Networks (ATEN) Earnings Expected to Grow: Should You Buy?,Yahoo Finance,"Feb 4, 2020",2020-02-04,Berkshire Hathaway's Charlie Munger Says Bitcoin Is 'Disgusting And Contrary ... The inevitable question came up about Bitcoin (CRYPTO: BTC) during today's ...,https://finance.yahoo.com/news/a10-networks-aten-earnings-expected-173005410.html
"At US$44.27, Is It Time To Put Inogen, Inc. (NASDAQ:INGN) On Your Watch List?",Yahoo Finance,"Feb 3, 2020",2020-02-03,Berkshire Hathaway's Charlie Munger Says Bitcoin Is 'Disgusting And Contrary ... The inevitable question came up about Bitcoin (CRYPTO: BTC) during today's ...,https://finance.yahoo.com/news/us-44-27-time-put-171645112.html
"Courteney Cox To Headline Starz’s ‘Shining Vale’ Horror Comedy Pilot From Sharon Horgan, Jeff Astrof & Kapital, Dearbhla Walsh To Direct",Deadline,"Feb 28, 2020",2020-02-28,"3 Bill Maher Flays The Oscars -“It Was Like, We Dare You To Be Entertained”; Calls Out Elon Musk On Bitcoin · 4 'The Last Kingdom': Netflix Saxon Saga To End ...",https://deadline.com/2020/02/courteney-cox-star-shining-vale-starz-horror-comedy-pilot-sharon-horgan-jeff-astrof-kapital-1202870830/
‘Atypical’ Renewed For Fourth & Final Season By Netflix,Deadline,"Feb 24, 2020",2020-02-24,"5 Bill Maher Flays The Oscars -“It Was Like, We Dare You To Be Entertained”; Calls Out Elon Musk On Bitcoin · 6 'The Last Kingdom': Netflix Saxon Saga To End ...",https://deadline.com/2020/02/atypical-renewed-season-4-final-season-netflix-premiere-date-2021-1202866580/
‘Clarice’: Rebecca Breeds Cast In the Title Role Of CBS’ ‘Silence Of The Lambs’ Sequel Pilot,Deadline,"Feb 26, 2020",2020-02-26,"8 Bill Maher Flays The Oscars -“It Was Like, We Dare You To Be Entertained”; Calls Out Elon Musk On Bitcoin · 9 UFO Fragments Are Likely In Lockheed Martin's ...",https://deadline.com/2020/02/clarice-rebecca-breeds-cast-title-role-cbs-the-silence-of-the-lambs-sequel-pilot-1202868413/
Canada's Trudeau demands from Iran independent probe into downed airliner,Reuters,"Feb 14, 2020",2020-02-14,"Police seize $60 million of bitcoin! Now, where's the password? Apps · Newsletters · Advertise with Us · Advertising Guidelines · Cookies · Terms of Use · Privacy ...",https://www.reuters.com/article/us-germany-security-canada-iran-idUSKBN2082B5
Production Designer Lee Ha-Jun Breaks Down Bong Joon Ho’s Extremely Precise Vision For ‘Parasite’ Sets,Deadline,"Feb 1, 2020",2020-02-01,"4 Bill Maher Flays The Oscars -“It Was Like, We Dare You To Be Entertained”; Calls Out Elon Musk On Bitcoin · 5 'The Last Kingdom': Netflix Saxon Saga To End ...",https://deadline.com/2020/02/parasite-production-designer-lee-ha-jun-bong-joon-ho-oscars-interview-1202846136/
"‘Fresh Off The Boat’ Series Finale: Groundbreaking ABC Family Sitcom Says Farewell, Leaving Legacy Of Asian American Representation On TV",Deadline,"Feb 21, 2020",2020-02-21,"7 Bill Maher Flays The Oscars -“It Was Like, We Dare You To Be Entertained”; Calls Out Elon Musk On Bitcoin · 8 'Smoke: Marijuana + Black America' Director ...",https://deadline.com/2020/02/fresh-off-the-boat-series-finale-recap-randall-park-constance-wu-hudson-yang-abc-asian-american-1202865103/
Kirk Douglas Dies: Hollywood Icon & ‘Spartacus’ Star Was 103,Deadline,"Feb 5, 2020",2020-02-05,"4 Bill Maher Flays The Oscars -“It Was Like, We Dare You To Be Entertained”; Calls Out Elon Musk On Bitcoin · 5 UFO Fragments Are Likely In Lockheed Martin's ...",https://deadline.com/2020/02/kirk-douglas-dead-spartacus-hollywood-icon-michael-douglas-1202846529/
Enrique Blair on the Future of Quantum Computing,Mind Matters,"Feb 6, 2020",2020-02-06,"Will Popularity Spell Doom for Bitcoin? If IQ Is Inherited, Is the Intellect Simply Material? Will Humans Ever Be Fully Replaceable by AI? Part 1 · AI Prof Sounds ...",https://mindmatters.ai/podcast/ep68/
A Peek Into The Markets: US Stock Futures Plunge Amid Coronavirus Fears,Benzinga,"Feb 28, 2020",2020-02-28,Crypto News · Bitcoin · Ethereum · Blockchain · Best Alt Coins · How to buy Crypto · Education · Education News · Forex Trading · InFOCUS Newsletter · Online ...,https://www.benzinga.com/news/earnings/20/02/15438610/a-peek-into-the-markets-us-stock-futures-plunge-amid-coronavirus-fears
TMC20: Michelin Looks To Take The Pain Out Of Trailer Repair,Benzinga,"Feb 24, 2020",2020-02-24,Crypto News · Bitcoin · Ethereum · Blockchain · Best Alt Coins · How to buy Crypto · Education · Education News · Forex Trading · InFOCUS Newsletter · Online ...,https://www.benzinga.com/news/20/02/15394388/tmc20-michelin-looks-to-take-the-pain-out-of-trailer-repair
Best 0% APR Credit Cards of February 2020,Fintech Zoom,"Jan 16, 2021",2021-01-16,Bitcoin Wallet · Cryptocurrency News · Cryptocurrency Analysis · Crypto Exchange News · Exchange Fee · Crypto Exchange Ranking · Services – ICO.,https://fintechzoom.com/credit-cards/credit-cards-best-of/best-0-apr-credit-cards-of-february-2020/
Foxconn recalls workers in phases following coronavirus shutdown,Financial Times,"Feb 11, 2020",2020-02-11,Bitcoin is making all Revolut's dreams come true · India's Covid wards are like scenes from Dante's 'Inferno' · How the middle class became downwardly mobile ...,https://www.ft.com/content/9b5f604e-4c8c-11ea-95a0-43d18ec715f5
Santander Hires Former Apple Pay Exec to Lead P2P Funds,Fintech Zoom,"Feb 13, 2020",2020-02-13,"Bitcoin Price Prediction 20% Drop: Bitcoin Dangers 20% Drop after Rejecting $10,500 Prime; Here is Why · OKEx BTCUSD Choices Registers Buying and selling ...",https://fintechzoom.com/fintech_news_crypto/santander-hires-former-apple-pay-exec-to-lead-p2p-payments/
Minister plays down reports BBC licence fee to be axed,Financial Times,"Feb 16, 2020",2020-02-16,Bitcoin is making all Revolut's dreams come true · India's Covid wards are like scenes from Dante's 'Inferno' · How the middle class became downwardly mobile ...,https://www.ft.com/content/1530ed00-50a9-11ea-8841-482eed0038b1
The United States Faces Headwinds Pushing Central Asian Integration,Globely News,"Feb 3, 2020",2020-02-03,bitcoin price today. Why Bitcoin's Price Has Exploded – and Where It Goes From Here · A container terminal at the Port of Singapore. (Image Credit: Port of ...,https://globelynews.com/asia/the-united-states-faces-headwinds-pushing-central-asian-integration/
Why penguins may help us predict the impact of climate change,Financial Times,"Feb 26, 2020",2020-02-26,Bitcoin is making all Revolut's dreams come true · How the middle class became downwardly mobile · Lulu Lytle's nabob maximalism and the PM's Downing ...,https://www.ft.com/content/1d5e039a-582f-11ea-a528-dd0f971febbc
'Narcos: Mexico' Season 2 Finale Recap: Beat the New Boss,Decider,"Feb 23, 2020",2020-02-23,Bill Maher Ridicules Bitcoin & Elon Musk On HBO's 'Real Time'. This story has been shared 534 times. 534. Where to Watch 'RuPaul's Drag Race Down Under' ...,https://decider.com/2020/02/23/narcos-mexico-season-2-finale-recap/
IKEA delays the opening of the first IKEA in the Philippines to ...,Scandasia,"Feb 18, 2020",2020-02-18,... Bird flu Denmark Birgit Sarah Kondrup-Palmqvist Birita Poulsen Executive Assistant bistro Bitcoin Bitcoin miners Bitter Flavor Study Bjarke Ingels Group Bjarke ...,https://scandasia.com/ikea-delays-the-opening-of-the-first-ikea-in-the-philippines-to-2021/
What if solar has a utility-scale demand problem?,Financial Times,"Feb 26, 2020",2020-02-26,Bitcoin: too good to miss or a bubble ready to burst? How the middle class became downwardly mobile · The destinations pulling out the stops to restart tourism ...,https://www.ft.com/content/46676005-3b1d-495b-a104-dd1a7443f506
Safestore makes solid start to 2020 as occupancy edges up,Proactive Investors,"Feb 13, 2020",2020-02-13,"Bitcoin and Ethereum ETPs from ETC Group and HANetf beat rivals for inflows, daily turnover and spreads · Ethereum ETP launched in Frankfurt by asset ...",http://www.proactiveinvestors.co.uk/companies/news/912864/safestore-makes-solid-start-to-2020-as-occupancy-edges-up-912864.html
UK adopts powers to enforce coronavirus quarantine,Financial Times,"Feb 10, 2020",2020-02-10,Bitcoin is making all Revolut's dreams come true · India's Covid wards are like scenes from Dante's 'Inferno' · How the middle class became downwardly mobile ...,https://www.ft.com/content/34749410-4be4-11ea-95a0-43d18ec715f5
Britain’s green light for HS2 is worth the risks,Financial Times,"Feb 11, 2020",2020-02-11,Bitcoin is making all Revolut's dreams come true · India's Covid wards are like scenes from Dante's 'Inferno' · How the middle class became downwardly mobile ...,https://www.ft.com/content/b3c0a756-4cc3-11ea-95a0-43d18ec715f5
China halts National Digital Currency Plans due to Coronavirus,Asia Crypto Today,"Feb 26, 2020",2020-02-26,Bitcoin (BTC): What is Bitcoin? Cardano (ADA): What is Cardano 2020 · ChainLink (Link): What is ChainLink Token? Enjin (ENJ): What is Enjin ? HackenAI (HAI) ...,https://www.asiacryptotoday.com/china-halts-national-digital-currency-plans-due-to-coronavirus/
"Nigerian Agritech Startup, FoodLocker to Improve its Model ...",Technext,"Feb 3, 2020",2020-02-03,Bitcoin Recent Prices. Bitcoin priceBTC ...,https://technext.ng/2020/02/03/nigerian-agritech-startup-foodlocker-to-improve-its-model-with-40000-investment-from-founders-factory-africa/
